{
  "Tab Color" : {
    "Red Component" : 0.0039215688593685627,
    "Color Space" : "sRGB",
    "Blue Component" : 0.15294118225574493,
    "Alpha Component" : 1,
    "Green Component" : 0.086274512112140656
  },
  "Tags" : [

  ],
  "Ansi 12 Color" : {
    "Red Component" : 0.5215686559677124,
    "Color Space" : "sRGB",
    "Blue Component" : 0.68235296010971069,
    "Alpha Component" : 1,
    "Green Component" : 0.83529412746429443
  },
  "Ansi 6 Color" : {
    "Red Component" : 1,
    "Color Space" : "sRGB",
    "Blue Component" : 0.65882354974746704,
    "Alpha Component" : 1,
    "Green Component" : 0.81176471710205078
  },
  "Draw Powerline Glyphs" : true,
  "Bold Color" : {
    "Red Component" : 1,
    "Color Space" : "sRGB",
    "Blue Component" : 0.65882354974746704,
    "Alpha Component" : 1,
    "Green Component" : 0.81176471710205078
  },
  "Ansi 7 Color" : {
    "Red Component" : 0.99607843160629272,
    "Color Space" : "sRGB",
    "Blue Component" : 0.99607843160629272,
    "Alpha Component" : 1,
    "Green Component" : 0.99607843160629272
  },
  "Ansi 8 Color" : {
    "Red Component" : 0.20392157137393951,
    "Color Space" : "sRGB",
    "Blue Component" : 0.20392157137393951,
    "Alpha Component" : 1,
    "Green Component" : 0.20392157137393951
  },
  "Ansi 9 Color" : {
    "Red Component" : 1,
    "Color Space" : "sRGB",
    "Blue Component" : 0.50196081399917603,
    "Alpha Component" : 1,
    "Green Component" : 0.50196081399917603
  },
  "Rows" : 25,
  "Default Bookmark" : "No",
  "Ansi 3 Color" : {
    "Red Component" : 1,
    "Color Space" : "sRGB",
    "Blue Component" : 0.60000002384185791,
    "Alpha Component" : 1,
    "Green Component" : 0.78039216995239258
  },
  "Link Color" : {
    "Red Component" : 1,
    "Color Space" : "sRGB",
    "Blue Component" : 0.65882354974746704,
    "Alpha Component" : 1,
    "Green Component" : 0.81176471710205078
  },
  "Cursor Guide Color" : {
    "Red Component" : 0.70213186740875244,
    "Color Space" : "sRGB",
    "Blue Component" : 1,
    "Alpha Component" : 0.25,
    "Green Component" : 0.9268307089805603
  },
  "Non-ASCII Anti Aliased" : true,
  "Use Bright Bold" : true,
  "Ansi 10 Color" : {
    "Red Component" : 1,
    "Color Space" : "sRGB",
    "Blue Component" : 0.65882354974746704,
    "Alpha Component" : 1,
    "Green Component" : 0.81176471710205078
  },
  "Ambiguous Double Width" : false,
  "Jobs to Ignore" : [
    "rlogin",
    "ssh",
    "slogin",
    "telnet"
  ],
  "Ansi 15 Color" : {
    "Red Component" : 0.99607843160629272,
    "Color Space" : "sRGB",
    "Blue Component" : 0.99607843160629272,
    "Alpha Component" : 1,
    "Green Component" : 0.99607843160629272
  },
  "Foreground Color" : {
    "Red Component" : 0.99607843160629272,
    "Color Space" : "sRGB",
    "Blue Component" : 0.99607843160629272,
    "Alpha Component" : 1,
    "Green Component" : 0.99607843160629272
  },
  "Working Directory" : "\/Users\/kyle",
  "Use Tab Color" : false,
  "Blinking Cursor" : false,
  "Disable Window Resizing" : false,
  "Sync Title" : false,
  "Prompt Before Closing 2" : false,
  "BM Growl" : true,
  "Command" : "",
  "Description" : "Default",
  "Smart Cursor Color" : true,
  "Mouse Reporting" : true,
  "Screen" : -1,
  "Selection Color" : {
    "Red Component" : 0.20392157137393951,
    "Color Space" : "sRGB",
    "Blue Component" : 0.20392157137393951,
    "Alpha Component" : 1,
    "Green Component" : 0.20392157137393951
  },
  "Only The Default BG Color Uses Transparency" : true,
  "Columns" : 80,
  "Idle Code" : 0,
  "Ansi 13 Color" : {
    "Red Component" : 1,
    "Color Space" : "sRGB",
    "Blue Component" : 0.65882354974746704,
    "Alpha Component" : 1,
    "Green Component" : 0.81176471710205078
  },
  "Custom Command" : "No",
  "ASCII Anti Aliased" : true,
  "Non Ascii Font" : "MesloLGS-NF-Regular 14",
  "Vertical Spacing" : 1.04,
  "Use Bold Font" : true,
  "Option Key Sends" : 0,
  "Selected Text Color" : {
    "Red Component" : 0.99607843160629272,
    "Color Space" : "sRGB",
    "Blue Component" : 0.99607843160629272,
    "Alpha Component" : 1,
    "Green Component" : 0.99607843160629272
  },
  "Background Color" : {
    "Red Component" : 0.070588238537311554,
    "Color Space" : "sRGB",
    "Blue Component" : 0.070588238537311554,
    "Alpha Component" : 1,
    "Green Component" : 0.070588238537311554
  },
  "Character Encoding" : 4,
  "Ansi 11 Color" : {
    "Red Component" : 1,
    "Color Space" : "sRGB",
    "Blue Component" : 0.60000002384185791,
    "Alpha Component" : 1,
    "Green Component" : 0.78039216995239258
  },
  "Non-ASCII Ligatures" : false,
  "Use Italic Font" : true,
  "Unlimited Scrollback" : false,
  "Keyboard Map" : {

  },
  "Window Type" : 0,
  "Background Image Location" : "",
  "Blur" : false,
  "Badge Color" : {
    "Red Component" : 1,
    "Color Space" : "sRGB",
    "Blue Component" : 0.65882354974746704,
    "Alpha Component" : 1,
    "Green Component" : 0.81176471710205078
  },
  "Scrollback Lines" : 1000,
  "Send Code When Idle" : false,
  "Close Sessions On End" : true,
  "Terminal Type" : "xterm-256color",
  "Visual Bell" : true,
  "Flashing Bell" : false,
  "Silence Bell" : false,
  "Use Underline Color" : true,
  "Ansi 14 Color" : {
    "Red Component" : 1,
    "Color Space" : "sRGB",
    "Blue Component" : 0.65882354974746704,
    "Alpha Component" : 1,
    "Green Component" : 0.81176471710205078
  },
  "ASCII Ligatures" : false,
  "Name" : "Default",
  "Cursor Text Color" : {
    "Red Component" : 0.99607843160629272,
    "Color Space" : "sRGB",
    "Blue Component" : 0.99607843160629272,
    "Alpha Component" : 1,
    "Green Component" : 0.99607843160629272
  },
  "Minimum Contrast" : 0.51204427083333337,
  "Shortcut" : "",
  "Cursor Color" : {
    "Red Component" : 0.3960784375667572,
    "Color Space" : "sRGB",
    "Blue Component" : 0.49411764740943909,
    "Alpha Component" : 1,
    "Green Component" : 0.45098039507865906
  },
  "Transparency" : 0,
  "Ansi 1 Color" : {
    "Red Component" : 1,
    "Color Space" : "sRGB",
    "Blue Component" : 0.50196081399917603,
    "Alpha Component" : 1,
    "Green Component" : 0.50196081399917603
  },
  "Ansi 2 Color" : {
    "Red Component" : 1,
    "Color Space" : "sRGB",
    "Blue Component" : 0.65882354974746704,
    "Alpha Component" : 1,
    "Green Component" : 0.81176471710205078
  },
  "Ansi 0 Color" : {
    "Red Component" : 0.20392157137393951,
    "Color Space" : "sRGB",
    "Blue Component" : 0.20392157137393951,
    "Alpha Component" : 1,
    "Green Component" : 0.20392157137393951
  },
  "Ansi 4 Color" : {
    "Red Component" : 0.5215686559677124,
    "Color Space" : "sRGB",
    "Blue Component" : 0.68235296010971069,
    "Alpha Component" : 1,
    "Green Component" : 0.83529412746429443
  },
  "Ansi 5 Color" : {
    "Red Component" : 1,
    "Color Space" : "sRGB",
    "Blue Component" : 0.65882354974746704,
    "Alpha Component" : 1,
    "Green Component" : 0.81176471710205078
  },
  "Use Non-ASCII Font" : true,
  "Right Option Key Sends" : 0,
  "Normal Font" : "BerkeleyMono-Regular 14",
  "Custom Directory" : "No",
  "Horizontal Spacing" : 1,
  "Guid" : "B2410C6F-CEC6-4EE4-9C10-244840B8000A"
}